{"xy_sens": 7.8, "targeting_sens": 100.0, "xy_scale": 1.2820512820512822, "targeting_scale": 1.2820512820512822}